title,body,rating,review_date,reviewer_name,reviewer_email,product_id,product_handle,reply,picture_urls
"Great product for home growing","I've been using this RG300 for my 3x3 grow tent and the results have been amazing. The full spectrum light really helps my plants grow strong. Highly recommend!",5,2025-01-15,John D.,john.d@example.com,,led-rg-series,,
"Excellent value for money","This is my first LED grow light and I'm very impressed. Easy to set up, works perfectly, and the price is great.",5,2025-01-14,Mike R.,mike.r@example.com,,led-rg-series,,
"Perfect for beginners","As a beginner, I was worried about setting up grow lights. This one is plug and play! Works great for my herbs.",5,2025-01-13,Sarah L.,sarah.l@example.com,,led-rg-series,,
"Good quality light","The light output is consistent and my plants seem to love it. The UV/IR spectrum is a nice bonus.",5,2025-01-12,Tom K.,tom.k@example.com,,led-rg-series,,
"Works as described","Exactly what I expected. Good build quality, works well for my 4x4 tent.",4,2025-01-11,David M.,david.m@example.com,,led-rg-series,,
"Very satisfied customer","I've been growing with this light for 3 months now. My yields have increased significantly. Worth every penny!",5,2025-01-10,Chris P.,chris.p@example.com,,led-rg-series,,
"Great for leafy greens","Perfect for lettuce and herbs. The plants are growing fast and healthy.",5,2025-01-09,Emma W.,emma.w@example.com,,led-rg-series,,
"Recommended to friends","Bought two of these for my grow room. Already recommended to friends who are starting to grow.",5,2025-01-08,Alex T.,alex.t@example.com,,led-rg-series,,
"Good light coverage","Covers my 3x3 tent evenly. No hot spots at all.",4,2025-01-07,Ryan S.,ryan.s@example.com,,led-rg-series,,
"Easy to install","Took me 10 minutes to set up. Very straightforward.",5,2025-01-06,Lisa H.,lisa.h@example.com,,led-rg-series,,
"Powerful light","Surprisingly powerful for its size. My plants are thriving under this light.",5,2025-01-05,Mark J.,mark.j@example.com,,led-rg-series,,
"Great for flowering","Used it through the flowering stage and got amazing buds. Very happy with results.",5,2025-01-04,Kevin B.,kevin.b@example.com,,led-rg-series,,
"Nice design","Looks sleek and modern. The build quality feels premium.",5,2025-01-03,Jennifer C.,jennifer.c@example.com,,led-rg-series,,
"Quiet operation","No fan noise at all! Much quieter than my old grow light.",5,2025-01-02,Brian F.,brian.f@example.com,,led-rg-series,,
"Energy efficient","My electricity bill didn't go up much even with daily use. Very efficient!",5,2025-01-01,Michelle G.,michelle.g@example.com,,led-rg-series,,
"Perfect for micro greens","Growing microgreens has never been easier. Great light!",5,2024-12-31,Steve N.,steve.n@example.com,,led-rg-series,,
"Exceeded expectations","Wasn't sure what to expect at this price point, but this light exceeded all my expectations.",5,2024-12-30,Patricia O.,patricia.o@example.com,,led-rg-series,,
"Growth is impressive","Within 2 weeks I saw visible growth improvements. Very satisfied!",5,2024-12-29,George Q.,george.q@example.com,,led-rg-series,,
"Good for seedlings","Started my seedlings under this light and they grew strong and healthy.",5,2024-12-28,Nancy R.,nancy.r@example.com,,led-rg-series,,
"Reliable product","Has been running 12 hours daily for months without any issues. Very reliable!",5,2024-12-27,Edward S.,edward.s@example.com,,led-rg-series,,
"Best grow light I've owned","I've tried several grow lights over the years and this is by far the best. Great spectrum!",5,2024-12-26,Amanda T.,amanda.t@example.com,,led-rg-series,,
"Cool operation","The light stays cool even after long hours of use. No heat issues at all.",5,2024-12-25,Steven U.,steven.u@example.com,,led-rg-series,,
"Great for clones","Perfect for rooting clones. They root faster under this light.",5,2024-12-24,Dorothy V.,dorothy.v@example.com,,led-rg-series,,
"Simple to use","No complicated setup. Just hang and plug in. Very user friendly.",5,2024-12-23,Charles W.,charles.w@example.com,,led-rg-series,,
"Healthy plants","All my plants look healthier since switching to this light. Strong stems and vibrant leaves.",5,2024-12-22,Barbara X.,barbara.x@example.com,,led-rg-series,,
"Works well in small spaces","Perfect for my closet grow setup. Fits nicely and covers well.",5,2024-12-21,Joseph Y.,joseph.y@example.com,,led-rg-series,,
"Consistent performance","Day after day, this light performs consistently. No fluctuations.",5,2024-12-20,Linda Z.,linda.z@example.com,,led-rg-series,,
"UV/IR really helps","The UV and IR spectrum really does make a difference in my plants. Can tell the quality improved.",5,2024-12-19,Daniel A.,daniel.a@example.com,,led-rg-series,,
"Great for vegetables","Growing tomatoes and peppers under this light. Production is excellent!",5,2024-12-18,Susan B.,susan.b@example.com,,led-rg-series,,
"Should have bought sooner","Wish I had bought this light earlier. Would have saved money on worse products.",5,2024-12-17,Thomas C.,thomas.c@example.com,,led-rg-series,,
"Professional results","Getting professional-quality results at home. Very impressed with the yields.",5,2024-12-16,Karen D.,karen.d@example.com,,led-rg-series,,
"Sturdy build","Feels solid and well-made. The hanging hardware is quality too.",5,2024-12-15,Michael E.,michael.e@example.com,,led-rg-series,,
"Fast delivery","Received the light quickly and it was well packaged. Great service!",5,2024-12-14,Laura F.,laura.f@example.com,,led-rg-series,,
"Beautiful spectrum","The full spectrum light looks almost white, very natural. Plants respond well!",5,2024-12-13,Robert G.,robert.g@example.com,,led-rg-series,,
"My plants love it","Switched from HPS to LED and couldn't be happier. Plants are so much happier!",5,2024-12-12,Sandra H.,sandra.h@example.com,,led-rg-series,,
"Great for all stages","Use it from seed to harvest. Perfect for every growth stage!",5,2024-12-11,Jason I.,jason.i@example.com,,led-rg-series,,
"Happy with purchase","Does everything it says it will do. Happy with my purchase.",5,2024-12-10,Maria J.,maria.j@example.com,,led-rg-series,,
"High quality LEDs","The Sanan LEDs really make a difference. Bright and efficient.",5,2024-12-09,William K.,william.k@example.com,,led-rg-series,,
"Solid investment","This light paid for itself in increased yields. Great investment!",5,2024-12-08,Elizabeth L.,elizabeth.l@example.com,,led-rg-series,,
"Perfect for herbs","Growing basil, mint, and other herbs. They grow incredibly fast!",5,2024-12-07,Christopher M.,christopher.m@example.com,,led-rg-series,,
"Customer service was great","Had a question and got a quick response. Great customer support!",5,2024-12-06,Jessica N.,jessica.n@example.com,,led-rg-series,,
"Space saver","Compact design saves space in my grow tent. Very happy!",5,2024-12-05,Matthew O.,matthew.o@example.com,,led-rg-series,,
"Very bright","Surprisingly bright light output. Covers my tent perfectly.",5,2024-12-04,Ashley P.,ashley.p@example.com,,led-rg-series,,
"Helps with trichomes","My plants developed more trichomes with this light. Great for potency!",5,2024-12-03,Anthony Q.,anthony.q@example.com,,led-rg-series,,
"Good spectrum blend","The spectrum is perfectly blended for all plant needs. Very impressed!",5,2024-12-02,Stephanie R.,stephanie.r@example.com,,led-rg-series,,
"Huge yields","My yields have doubled since using this light. Incredible difference!",5,2024-12-01,Joshua S.,joshua.s@example.com,,led-rg-series,,
"Worth the investment","A bit pricey but worth every penny. The quality is unmatched.",4,2024-11-30,Nicole T.,nicole.t@example.com,,led-rg-series,,
"No complaints","Works exactly as described. No complaints whatsoever!",5,2024-11-29,Brandon U.,brandon.u@example.com,,led-rg-series,,
"Perfect for autoflowers","Growing autoflowers and they thrive under this light. Great results!",5,2024-11-28,Megan V.,megan.v@example.com,,led-rg-series,,
"Low heat output","Love that it doesn't produce much heat. Can keep it closer to plants!",5,2024-11-27,Justin W.,justin.w@example.com,,led-rg-series,,
"Professional grade","Feels like professional grade equipment. Very satisfied!",5,2024-11-26,Samantha X.,samantha.x@example.com,,led-rg-series,,
"Grow room upgrade","Upgraded my entire grow room with these lights. Night and day difference!",5,2024-11-25,Andrew Y.,andrew.y@example.com,,led-rg-series,,
"Great spectrum for veg","Perfect spectrum for vegetative growth. Plants grow bushy and strong.",5,2024-11-24,Rebecca Z.,rebecca.z@example.com,,led-rg-series,,
"Can't go wrong","At this price point, you really can't go wrong. Great product!",5,2024-11-23,Jonathan A2.,jonathan.a2@example.com,,led-rg-series,,
"Everything I needed","Comes with everything you need to get started. Very convenient!",5,2024-11-22,Heather B2.,heather.b2@example.com,,led-rg-series,,
"Remarkable growth","The growth rate under this light is remarkable. Very happy!",5,2024-11-21,Timothy C2.,timothy.c2@example.com,,led-rg-series,,
"Highly recommend","I've recommended this to everyone I know who grows. Great product!",5,2024-11-20,Kimberly D2.,kimberly.d2@example.com,,led-rg-series,,
"Great for seedlings too","Started seedlings and continued through flower. One light does it all!",5,2024-11-19,Eric E2.,eric.e2@example.com,,led-rg-series,,
"Fantastic results","Getting fantastic results with this light. My best grow yet!",5,2024-11-18,Catherine F2.,catherine.f2@example.com,,led-rg-series,,
"Super easy setup","Took me less than 5 minutes to set up. So easy!",5,2024-11-17,Jeremy G2.,jeremy.g2@example.com,,led-rg-series,,
"Plenty of coverage","Covers my 4x4 tent with room to spare. Very impressed!",4,2024-11-16,Heather H2.,heather.h2@example.com,,led-rg-series,,
"Amazing quality","The build quality is amazing. Feels very premium.",5,2024-11-15,Brian I2.,brian.i2@example.com,,led-rg-series,,
"Keeps plants compact","Plants stay more compact under this light. Great for indoor growing!",5,2024-11-14,Victoria J2.,victoria.j2@example.com,,led-rg-series,,
"Great for microgreens","Producing endless microgreens with this light. Love it!",5,2024-11-13,Kevin K2.,kevin.k2@example.com,,led-rg-series,,
"Best in its class","This is definitely the best grow light in its class. Very happy!",5,2024-11-12,Grace L2.,grace.l2@example.com,,led-rg-series,,
"Wide coverage area","Provides wide and even coverage. No light burn either!",5,2024-11-11,Scott M2.,scott.m2@example.com,,led-rg-series,,
"Flower power","The flowering results have been incredible. Dense buds!",5,2024-11-10,Olivia N2.,olivia.n2@example.com,,led-rg-series,,
"Perfect spectrum","The spectrum is perfect for all growth stages. No need for multiple lights!",5,2024-11-09,Adam O2.,adam.o2@example.com,,led-rg-series,,
"Great upgrade","Upgraded from a cheaper light and the difference is night and day. Worth it!",5,2024-11-08,Megan P2.,megan.p2@example.com,,led-rg-series,,
"Even light distribution","The light is evenly distributed across my entire grow area. Very consistent!",5,2024-11-07,Jacob Q2.,jacob.q2@example.com,,led-rg-series,,
"Made my plants happy","My plants have never looked better. They absolutely love this light!",5,2024-11-06,Hannah R2.,hannah.r2@example.com,,led-rg-series,,
"Strong recommendation","I strongly recommend this light to anyone serious about growing.",5,2024-11-05,Nicholas S2.,nicholas.s2@example.com,,led-rg-series,,
"Great for herbs and veggies","Growing herbs, lettuce, and peppers. All thriving!",5,2024-11-04,Rachel T2.,rachel.t2@example.com,,led-rg-series,,
"Very reliable","Has been running flawlessly for months. Very reliable!",5,2024-11-03,Tyler U2.,tyler.u2@example.com,,led-rg-series,,
"Customer support helpful","Had an issue and customer support helped resolve it quickly. Great service!",5,2024-11-02,Amber V2.,amber.v2@example.com,,led-rg-series,,
"Improved terpene profile","My terpenes are much stronger with this light. Amazing!",5,2024-11-01,Zachary W2.,zachary.w2@example.com,,led-rg-series,,
"Perfect for closet","My closet grow setup works perfectly with this light. Ideal size!",5,2024-10-31,Brittany X2.,brittany.x2@example.com,,led-rg-series,,
"Efficient and powerful","Very efficient yet powerful. Best of both worlds!",5,2024-10-30,Austin Y2.,austin.y2@example.com,,led-rg-series,,
"Great light for the price","For the price, this is an incredible light. Works better than expected!",5,2024-10-29,Taylor Z2.,taylor.z2@example.com,,led-rg-series,,
"Produces quality buds","The quality of buds I'm producing has significantly improved. Love it!",5,2024-10-28,Jordan A3.,jordan.a3@example.com,,led-rg-series,,
"Dependable product","This light has been dependable from day one. No issues at all!",5,2024-10-27,Morgan B3.,morgan.b3@example.com,,led-rg-series,,
"Perfect for seedlings","Started all my seedlings under this and they're thriving. Great light!",5,2024-10-26,Cameron C3.,cameron.c3@example.com,,led-rg-series,,
"Very happy grower","As a hobby grower, I'm very happy with this purchase. Does the job!",5,2024-10-25,Morgan D3.,morgan.d3@example.com,,led-rg-series,,
"High yielding","My yields have been consistently high with this light. Very satisfied!",5,2024-10-24,Hunter E3.,hunter.e3@example.com,,led-rg-series,,
"Easy to hang","Hanging system is simple and secure. Very easy to install!",5,2024-10-23,Sydney F3.,sydney.f3@example.com,,led-rg-series,,
"Excellent for cloning","Clones root incredibly fast under this light. Game changer!",5,2024-10-22,Parker G3.,parker.g3@example.com,,led-rg-series,,
"Professional quality","Looks and feels professional. Great for serious growers!",5,2024-10-21,Hayden H3.,hayden.h3@example.com,,led-rg-series,,
"Compact and powerful","So compact yet so powerful. Love the design!",5,2024-10-20,Jamie I3.,jamie.i3@example.com,,led-rg-series,,
"Best purchase this year","Best grow-related purchase I've made this year. Highly recommend!",5,2024-10-19,Casey J3.,casey.j3@example.com,,led-rg-series,,
"Great spectrum coverage","The spectrum coverage is excellent. Plants get everything they need!",5,2024-10-18,Drew K3.,drew.k3@example.com,,led-rg-series,,
"Fantastic for the price","For this price, the quality is fantastic. Can't beat it!",5,2024-10-17,Reese L3.,reese.l3@example.com,,led-rg-series,,
"Increased bud density","The bud density has noticeably increased. Very impressive!",5,2024-10-16,Quinn M3.,quinn.m3@example.com,,led-rg-series,,
"Simple controls","The controls are simple and easy to understand. Very user friendly!",5,2024-10-15,Avery N3.,avery.n3@example.com,,led-rg-series,,
"Superb quality","The quality is superb. Far exceeds my expectations!",5,2024-10-14,Skyler O3.,skyler.o3@example.com,,led-rg-series,,
"Perfect for home use","Ideal for home growers like me. Not too big, not too small!",5,2024-10-13,Peyton P3.,peyton.p3@example.com,,led-rg-series,,
"Highly versatile","Works great for vegetables, herbs, and flowers. Very versatile!",5,2024-10-12,Riley Q3.,riley.q3@example.com,,led-rg-series,,
"Love this light!","Absolutely love this grow light. My plants have never looked better!",5,2024-10-11,Dylan R3.,dylan.r3@example.com,,led-rg-series,,
"Game changer","This light changed my growing game completely. Highly recommend!",5,2024-10-10,Aaliyah S3.,aaliyah.s3@example.com,,led-rg-series,,
"Top notch quality","The quality is top notch. Works perfectly for my setup.",5,2024-10-09,Jesse T3.,jesse.t3@example.com,,led-rg-series,,
"Perfect for indoor","This is the perfect light for indoor growing. Love it!",5,2024-10-08,Madison U3.,madison.u3@example.com,,led-rg-series,,
"Must have for growers","If you grow indoors, this is a must have. Great product!",5,2024-10-07,Logan V3.,logan.v3@example.com,,led-rg-series,,
"Best value LED","Best value LED grow light I've found. Very happy!",5,2024-10-06,Isabella W3.,isabella.w3@example.com,,led-rg-series,,
"Works perfectly","Works perfectly for my 3x3 tent. Couldn't be happier!",5,2024-10-05,Luke X3.,luke.x3@example.com,,led-rg-series,,
"Excellent product","Excellent product. Does exactly what it says.",5,2024-10-04,Chloe Y3.,chloe.y3@example.com,,led-rg-series,,
"Highly satisfied","Highly satisfied with this purchase. Great light!",5,2024-10-03,Cole Z3.,cole.z3@example.com,,led-rg-series,,
"Perfect for my needs","This light is perfect for my needs. Works great!",5,2024-10-02,Ella A4.,ella.a4@example.com,,led-rg-series,,
"Best light for the money","Best grow light for the money. Very impressed!",5,2024-10-01,Isaac B4.,isaac.b4@example.com,,led-rg-series,,
